Year,Season,Date,Time,At,Opponent,Location
2010,  Basketball,11/02/2010,7:00 PM,Home,Northeastern State,Williams Arena
2010,  Basketball,11/08/2010,7:00 PM,Home,Winona State,Williams Arena
2010,  Basketball,11/12/2010,7:00 PM,Home,Wofford,Williams Arena
2010,  Basketball,11/15/2010,8:00 PM,Home,Siena,Williams Arena
2010,  Basketball,11/24/2010,7:00 PM,Home,North Dakota State,Williams Arena
2010,  Basketball,11/29/2010,6:00 PM,Home,Virginia,Williams Arena
2010,  Basketball,12/04/2010,7:00 PM,Home,Cornell,Williams Arena
2010,  Basketball,12/11/2010,12:00 PM,Home,Eastern Kentucky,Williams Arena
2010,  Basketball,12/15/2010,7:30 PM,Home,Akron,Williams Arena
2010,  Basketball,12/23/2010,7:00 PM,Home,South Dakota St.,Williams Arena
2011,  Basketball,01/04/2011,6:00 PM,Home,Indiana,Williams Arena
2011,  Basketball,01/13/2011,6:00 PM,Home,Purdue,Williams Arena
2011,  Basketball,01/16/2011,5:00 PM,Home,Iowa,Williams Arena
2011,  Basketball,01/26/2011,7:30 PM,Home,Northwestern,Williams Arena
2011,  Basketball,02/06/2011,1:00 PM,Home,Ohio State,Williams Arena
2011,  Basketball,02/10/2011,8:00 PM,Home,Illinois,Williams Arena
2011,  Basketball,02/22/2011,8:00 PM,Home,Michigan State,Williams Arena
2011,  Basketball,02/26/2011,3:30 PM,Home,Michigan,Williams Arena
2011,  Basketball,03/06/2011,12:00 PM,Home,Penn State,Williams Arena
2011,  Basketball,11/01/2011,7:00 PM,Home,Bemidji St,Williams Arena
2011,  Basketball,11/07/2011,7:00 PM,Home,Augustana (S.D.),Williams Arena
2011,  Basketball,11/11/2011,7:00 PM,Home,Bucknell,Williams Arena
2011,  Basketball,11/14/2011,7:00 PM,Home,South Dakota St.,Williams Arena
2011,  Basketball,11/17/2011,6:00 PM,Home,Fairfield,Williams Arena
2011,  Basketball,11/21/2011,7:00 PM,Home,Mount St. Mary's,Williams Arena
2011,  Basketball,11/30/2011,8:15 PM,Home,Virginia Tech,Williams Arena
2011,  Basketball,12/03/2011,1:15 PM,Home,USC,Williams Arena
2011,  Basketball,12/06/2011,7:00 PM,Home,Appalachian State,Williams Arena
2011,  Basketball,12/10/2011,12:00 PM,Home,St. Peter's,Williams Arena
2011,  Basketball,12/13/2011,8:00 PM,Home,Central Michigan,Williams Arena
2011,  Basketball,12/22/2011,7:00 PM,Home,North Dakota State,Williams Arena
2012,  Basketball,01/04/2012,8:00 PM,Home,Iowa,Williams Arena
2012,  Basketball,01/08/2012,5:00 PM,Home,Purdue,Williams Arena
2012,  Basketball,01/22/2012,3:00 PM,Home,Northwestern,Williams Arena
2012,  Basketball,01/28/2012,7:00 PM,Home,Illinois,Williams Arena
2012,  Basketball,02/09/2012,6:00 PM,Home,Wisconsin,Williams Arena
2012,  Basketball,02/14/2012,8:00 PM,Home,Ohio State,Williams Arena
2012,  Basketball,02/22/2012,7:30 PM,Home,Michigan State,Williams Arena
2012,  Basketball,02/26/2012,12:00 PM,Home,Indiana,Williams Arena
2012,  Basketball,03/03/2012,11:30 AM,Home,Nebraska,Williams Arena
2012,  Basketball,11/01/2012,7:00 PM,Home,"Minnesota State, Mankato",Williams Arena
2012,  Basketball,11/05/2012,7:00 PM,Home,Southwest Baptist,Williams Arena
2012,  Basketball,11/09/2012,7:00 PM,Home,American,Williams Arena
2012,  Basketball,11/12/2012,7:00 PM,Home,Toledo,Williams Arena
2012,  Basketball,11/15/2012,7:00 PM,Home,Tennessee State,Williams Arena
2012,  Basketball,11/18/2012,6:00 PM,Home,Richmond,Williams Arena
2012,  Basketball,12/01/2012,1:00 PM,Home,North Florida,Williams Arena
2012,  Basketball,12/04/2012,7:00 PM,Home,South Dakota St.,Williams Arena
2012,  Basketball,12/11/2012,8:00 PM,Home,North Dakota State,Williams Arena
2012,  Basketball,12/22/2012,6:00 PM,Home,Lafayette,Williams Arena
2012,  Basketball,12/31/2012,1:00 PM,Home,Michigan State,Williams Arena
2013,  Basketball,01/06/2013,6:00 PM,Home,Northwestern,Williams Arena
2013,  Basketball,01/17/2013,6:00 PM,Home,Michigan,Williams Arena
2013,  Basketball,01/29/2013,8:00 PM,Home,Nebraska,Williams Arena
2013,  Basketball,02/03/2013,12:00 PM,Home,Iowa,Williams Arena
2013,  Basketball,02/10/2013,5:00 PM,Home,Illinois,Williams Arena
2013,  Basketball,02/14/2013,6:00 PM,Home,Wisconsin,Williams Arena
2013,  Basketball,02/26/2013,6:00 PM,Home,Indiana,Williams Arena
2013,  Basketball,03/02/2013,2:00 PM,Home,Penn State,Williams Arena
2013,  Basketball,11/01/2013,7:00 PM,Home,Cardinal-Stritch,Williams Arena
2013,  Basketball,11/04/2013,7:00 PM,Home,Concordia-St. Paul,Williams Arena
2013,  Basketball,11/08/2013,7:00 PM,Home,Lehigh,Williams Arena
2013,  Basketball,11/12/2013,7:00 PM,Home,Montana,Williams Arena
2013,  Basketball,11/19/2013,7:00 PM,Home,Coastal Carolina,Williams Arena
2013,  Basketball,11/21/2013,6:00 PM,Home,Wofford,Williams Arena
2013,  Basketball,12/03/2013,8:30 PM,Home,Florida State,Williams Arena
2013,  Basketball,12/07/2013,2:00 PM,Home,New Orleans,Williams Arena
2013,  Basketball,12/10/2013,7:00 PM,Home,South Dakota St.,Williams Arena
2013,  Basketball,12/20/2013,8:00 PM,Home,Nebraska-Omaha,Williams Arena
2013,  Basketball,12/28/2013,7:30 PM,Home,Texas A&M Corpus Christi,Williams Arena
2014,  Basketball,01/02/2014,6:00 PM,Home,Michigan,Williams Arena
2014,  Basketball,01/05/2014,1:30 PM,Home,Purdue,Williams Arena
2014,  Basketball,01/16/2014,8:00 PM,Home,Ohio State,Williams Arena
2014,  Basketball,01/22/2014,8:00 PM,Home,Wisconsin,Williams Arena
2014,  Basketball,02/01/2014,1:00 PM,Home,Northwestern,Williams Arena
2014,  Basketball,02/08/2014,7:15 PM,Home,Indiana,Williams Arena
2014,  Basketball,02/19/2014,8:00 PM,Home,Illinois,Williams Arena
2014,  Basketball,02/25/2014,6:00 PM,Home,Iowa,Williams Arena
2014,  Basketball,03/09/2014,4:15 PM,Home,Penn State,Williams Arena
2014,  Basketball,03/18/2014,7:15 PM,Home,High Point,Williams Arena
2014,  Basketball,03/23/2014,2:00 PM,Home,Saint Mary's,Williams Arena
2014,  Basketball,03/25/2014,8:00 PM,Home,Southern Miss,Williams Arena
2014,  Basketball,11/06/2014,7:00 PM,Home,Minnesota Duluth,Williams Arena
2014,  Basketball,11/18/2014,7:00 PM,Home,Western Kentucky,Williams Arena
2014,  Basketball,11/20/2014,7:00 PM,Home,Franklin Pierce,Williams Arena
2014,  Basketball,11/22/2014,7:30 PM,Home,UMBC,Williams Arena
2014,  Basketball,11/26/2014,6:00 PM,Home,St. John's,"New York, N.Y."
2014,  Basketball,12/05/2014,6:00 PM,Home,Western Carolina,Williams Arena
2014,  Basketball,12/08/2014,8:00 PM,Home,North Dakota,Williams Arena
2014,  Basketball,12/10/2014,7:00 PM,Home,Southern,Williams Arena
2014,  Basketball,12/19/2014,7:00 PM,Home,Seattle University,Williams Arena
2014,  Basketball,12/22/2014,7:00 PM,Home,Furman,Williams Arena
2014,  Basketball,12/27/2014,12:00 PM,Home,UNC Wilmington,Williams Arena
2015,  Basketball,01/06/2015,8:00 PM,Home,Ohio State,Williams Arena
2015,  Basketball,01/13/2015,8:00 PM,Home,Iowa,Williams Arena
2015,  Basketball,01/17/2015,11:00 AM,Home,Rutgers,Williams Arena
2015,  Basketball,01/24/2015,1:15 PM,Home,Illinois,Williams Arena
2015,  Basketball,01/31/2015,5:00 PM,Home,Nebraska,Williams Arena
2015,  Basketball,02/07/2015,2:00 PM,Home,Purdue,Williams Arena
2015,  Basketball,02/18/2015,8:00 PM,Home,Northwestern,Williams Arena
2015,  Basketball,03/05/2015,6:00 PM,Home,Wisconsin,Williams Arena
2015,  Basketball,03/08/2015,12:00 PM,Home,Penn State,Williams Arena
2015,  Basketball,11/01/2015,4:00 PM,Home,UM Crookston,Williams Arena
2015,  Basketball,11/06/2015,7:00 PM,Home,Southwest Minnesota State,Williams Arena
2015,  Basketball,11/13/2015,8:00 PM,Home,UMKC,Williams Arena
2015,  Basketball,11/15/2015,2:00 PM,Home,Louisiana-Monroe,Williams Arena
2015,  Basketball,11/27/2015,2:00 PM,Home,Nebraska-Omaha,Williams Arena
2015,  Basketball,11/30/2015,8:00 PM,Home,Clemson,Williams Arena
2015,  Basketball,12/05/2015,2:00 PM,Home,South Dakota,Williams Arena
2015,  Basketball,12/08/2015,7:00 PM,Home,South Dakota St.,Williams Arena
2015,  Basketball,12/16/2015,7:00 PM,Home,Chicago State,Williams Arena
2015,  Basketball,12/23/2015,7:00 PM,Home,Milwaukee,Williams Arena
2016,  Basketball,01/02/2016,2:00 PM,Home,Michigan State,Williams Arena
2016,  Basketball,01/09/2016,1:30 PM,Home,Northwestern,Williams Arena
2016,  Basketball,01/16/2016,11:30 AM,Home,Indiana,Williams Arena
2016,  Basketball,01/23/2016,7:30 PM,Home,Illinois,Williams Arena
2016,  Basketball,01/27/2016,8:00 PM,Home,Purdue,Williams Arena
2016,  Basketball,02/10/2016,8:00 PM,Home,Michigan,Williams Arena
2016,  Basketball,02/18/2016,7:00 PM,Home,Maryland,Williams Arena
2016,  Basketball,02/23/2016,7:30 PM,Home,Rutgers,Williams Arena
2016,  Basketball,03/02/2016,8:00 PM,Home,Wisconsin,Williams Arena
2016,  Basketball,11/03/2016,7:00 PM,Home,Bemidji St,Williams Arena
2016,  Basketball,11/11/2016,7:00 PM,Home,UL-Lafayette,Williams Arena
2016,  Basketball,11/14/2016,7:00 PM,Home,UT Arlington,Williams Arena
2016,  Basketball,11/16/2016,7:00 PM,Home,Mount St. Mary's,Williams Arena
2016,  Basketball,11/18/2016,8:00 PM,Home,St. John's,Williams Arena
2016,  Basketball,11/22/2016,7:00 PM,Home,Arkansas,Williams Arena
2016,  Basketball,11/25/2016,7:00 PM,Home,Southern Illinois,Williams Arena
2016,  Basketball,12/06/2016,7:00 PM,Home,NJIT,Williams Arena
2016,  Basketball,12/09/2016,8:00 PM,Home,Georgia Southern,Williams Arena
2016,  Basketball,12/11/2016,4:00 PM,Home,Northern Illinois,Williams Arena
2016,  Basketball,12/14/2016,7:00 PM,Home,LIU Brooklyn,Williams Arena
2016,  Basketball,12/23/2016,6:00 PM,Home,Arkansas State,Williams Arena
2016,  Basketball,12/27/2016,8:00 PM,Home,Michigan State,Williams Arena
2017,  Basketball,01/08/2017,6:30 PM,Home,Ohio State,Williams Arena
2017,  Basketball,01/21/2017,3:30 PM,Home,Wisconsin,Williams Arena
2017,  Basketball,01/28/2017,1:15 PM,Home,Maryland,Williams Arena
2017,  Basketball,02/08/2017,8:00 PM,Home,Iowa,Williams Arena
2017,  Basketball,02/15/2017,8:00 PM,Home,Indiana,Williams Arena
2017,  Basketball,02/19/2017,6:00 PM,Home,Michigan,Williams Arena
2017,  Basketball,02/25/2017,2:00 PM,Home,Penn State,Williams Arena
2017,  Basketball,03/02/2017,6:00 PM,Home,Nebraska,Williams Arena
2017,  Basketball,11/02/2017,7:00 PM,Home,Concordia-St. Paul (Exhibition),Williams Arena
2017,  Basketball,11/05/2017,12:00 PM,Home,Green Bay (Exhibition),Maturi Pavilion
2017,  Basketball,11/10/2017,7:00 PM,Home,USC Upstate,Williams Arena
2017,  Basketball,11/15/2017,7:00 PM,Home,Niagara,Williams Arena
2017,  Basketball,11/19/2017,3:30 PM,Home,Western Carolina,Williams Arena
2017,  Basketball,11/21/2017,7:00 PM,Home,Alabama A&M,Williams Arena
2017,  Basketball,11/29/2017,8:15 PM,Home,Miami,Williams Arena
2017,  Basketball,12/03/2017,5:00 PM,Home,Rutgers,Williams Arena
2017,  Basketball,12/11/2017,7:00 PM,Home,Drake University,Williams Arena
2017,  Basketball,12/21/2017,7:00 PM,Home,Oral Roberts,Williams Arena
2017,  Basketball,12/23/2017,2:30 PM,Home,Florida Atlantic,Williams Arena
2017,  Basketball,12/30/2017,1:00 PM,Home,Harvard,Williams Arena
2018,  Basketball,01/03/2018,8:00 PM,Home,Illinois,Williams Arena
2018,  Basketball,01/06/2018,4:15 PM,Home,Indiana,Williams Arena
2018,  Basketball,01/13/2018,11:00 AM,Home,Purdue,Williams Arena
2018,  Basketball,01/23/2018,8:00 PM,Home,Northwestern,Williams Arena
2018,  Basketball,02/06/2018,8:00 PM,Home,Nebraska,Williams Arena
2018,  Basketball,02/13/2018,8:00 PM,Home,Michigan State,Williams Arena
2018,  Basketball,02/21/2018,8:00 PM,Home,Iowa,Williams Arena
2011, Football,09/10/2011,2:30 PM,Home,New Mexico State,Huntington Bank Stadium
2011, Football,09/17/2011,2:30 PM,Home,Miami (Oh),Huntington Bank Stadium
2011, Football,09/24/2011,6:00 PM,Home,North Dakota State,Huntington Bank Stadium
2011, Football,10/22/2011,2:30 PM,Home,Nebraska,Huntington Bank Stadium
2011, Football,10/29/2011,2:30 PM,Home,Iowa,Huntington Bank Stadium
2011, Football,11/12/2011,2:30 PM,Home,Wisconsin,Huntington Bank Stadium
2011, Football,11/26/2011,2:30 PM,Home,Illinois,Huntington Bank Stadium
2012, Football,09/08/2012,11:00 AM,Home,New Hampshire,Huntington Bank Stadium
2012, Football,09/15/2012,11:00 AM,Home,Western Michigan,Huntington Bank Stadium
2012, Football,09/22/2012,7:00 PM,Home,Syracuse,Huntington Bank Stadium
2012, Football,10/13/2012,11:00 AM,Home,Northwestern,Huntington Bank Stadium
2012, Football,10/27/2012,2:30 PM,Home,Purdue,Huntington Bank Stadium
2012, Football,11/03/2012,11:00 AM,Home,Michigan,Huntington Bank Stadium
2012, Football,11/24/2012,2:30 PM,Home,Michigan State,Huntington Bank Stadium
2013, Football,08/29/2013,6:00 PM,Home,UNLV,Huntington Bank Stadium
2013, Football,09/14/2013,11:00 AM,Home,Western Illinois,Huntington Bank Stadium
2013, Football,09/21/2013,11:00 AM,Home,San Jose State,Huntington Bank Stadium
2013, Football,09/28/2013,2:30 PM,Home,Iowa (Homecoming),Huntington Bank Stadium
2013, Football,10/26/2013,11:00 AM,Home,Nebraska,Huntington Bank Stadium
2013, Football,11/09/2013,11:00 AM,Home,Penn State,Huntington Bank Stadium
2013, Football,11/23/2013,2:30 PM,Home,Wisconsin,Huntington Bank Stadium
2014, Football,08/28/2014,6:00 PM,Home,Eastern Illinois,Huntington Bank Stadium
2014, Football,09/06/2014,2:30 PM,Home,Middle Tennessee State,Huntington Bank Stadium
2014, Football,09/20/2014,3:00 PM,Home,San Jose State,Huntington Bank Stadium
2014, Football,10/11/2014,11:00 AM,Home,Northwestern,Huntington Bank Stadium
2014, Football,10/18/2014,11:00 AM,Home,Purdue,Huntington Bank Stadium
2014, Football,11/08/2014,11:00 AM,Home,Iowa,Huntington Bank Stadium
2014, Football,11/15/2014,11:00 AM,Home,Ohio State,Huntington Bank Stadium
2015, Football,09/03/2015,8:00 PM,Home,TCU,Huntington Bank Stadium
2015, Football,09/19/2015,11:00 AM,Home,Kent State,Huntington Bank Stadium
2015, Football,09/26/2015,2:30 PM,Home,Ohio (Homecoming),Huntington Bank Stadium
2015, Football,10/17/2015,2:30 PM,Home,Nebraska,Huntington Bank Stadium
2015, Football,10/31/2015,6:00 PM,Home,Michigan,Huntington Bank Stadium
2015, Football,11/21/2015,11:00 AM,Home,Illinois,Huntington Bank Stadium
2015, Football,11/28/2015,2:30 PM,Home,Wisconsin,Huntington Bank Stadium
2016, Football,09/01/2016,8:00 PM,Home,Oregon State,Huntington Bank Stadium
2016, Football,09/10/2016,11:00 AM,Home,Indiana State,Huntington Bank Stadium
2016, Football,09/24/2016,11:00 AM,Home,Colorado State,Huntington Bank Stadium
2016, Football,10/08/2016,11:00 AM,Home,Iowa,Huntington Bank Stadium
2016, Football,10/22/2016,11:00 AM,Home,Rutgers,Huntington Bank Stadium
2016, Football,11/05/2016,2:30 PM,Home,Purdue,Huntington Bank Stadium
2016, Football,11/19/2016,2:30 PM,Home,Northwestern,Huntington Bank Stadium
2017, Football,08/31/2017,6:00 PM,Home,Buffalo,Huntington Bank Stadium
2017, Football,09/16/2017,2:30 PM,Home,Middle Tennessee,Huntington Bank Stadium
2017, Football,09/30/2017,11:00 AM,Home,Maryland,Huntington Bank Stadium
2017, Football,10/14/2017,7:00 PM,Home,Michigan State,Huntington Bank Stadium
2017, Football,10/21/2017,2:30 PM,Home,Illinois,Huntington Bank Stadium
2017, Football,11/11/2017,11:00 AM,Home,Nebraska,Huntington Bank Stadium
2017, Football,11/25/2017,2:30 PM,Home,Wisconsin,Huntington Bank Stadium
2018, Football,08/30/2018,6:00 PM,Home,New Mexico State,Huntington Bank Stadium
2018, Football,09/08/2018,6:30 PM,Home,Fresno State,Huntington Bank Stadium
2018, Football,09/15/2018,2:30 PM,Home,Miami (OH),Huntington Bank Stadium
2018, Football,10/06/2018,2:30 PM,Home,Iowa,Huntington Bank Stadium
2018, Football,10/26/2018,7:00 PM,Home,Indiana,Huntington Bank Stadium
2018, Football,11/10/2018,2:30 PM,Home,Purdue,Huntington Bank Stadium
2018, Football,11/17/2018,11:00 AM,Home,Northwestern,Huntington Bank Stadium
2011,   Hockey,10/02/2011,7:00 PM,Home,British Columbia,3M Arena at Mariucci
2011,   Hockey,10/07/2011,7:00 PM,Home,Sacred Heart,3M Arena at Mariucci
2011,   Hockey,10/08/2011,7:00 PM,Home,Sacred Heart,3M Arena at Mariucci
2011,   Hockey,10/21/2011,6:00 PM,Home,Vermont,3M Arena at Mariucci
2011,   Hockey,10/23/2011,1:00 PM,Home,Vermont,3M Arena at Mariucci
2011,   Hockey,11/04/2011,7:00 PM,Home,North Dakota,3M Arena at Mariucci
2011,   Hockey,11/05/2011,7:30 PM,Home,North Dakota,3M Arena at Mariucci
2011,   Hockey,11/19/2011,7:00 PM,Home,St. Cloud State,3M Arena at Mariucci
2011,   Hockey,12/02/2011,7:00 PM,Home,Minnesota State,3M Arena at Mariucci
2011,   Hockey,12/03/2011,7:00 PM,Home,Minnesota State,3M Arena at Mariucci
2011,   Hockey,12/09/2011,7:00 PM,Home,Michigan Tech,3M Arena at Mariucci
2011,   Hockey,12/10/2011,8:00 PM,Home,Michigan Tech,3M Arena at Mariucci
2011,   Hockey,12/30/2011,7:00 PM,Home,Niagara,3M Arena at Mariucci
2011,   Hockey,12/31/2011,6:00 PM,Home,Northeastern,3M Arena at Mariucci
2012,   Hockey,01/07/2012,7:00 PM,Home,Notre Dame,3M Arena at Mariucci
2012,   Hockey,01/20/2012,7:00 PM,Home,Colorado College,3M Arena at Mariucci
2012,   Hockey,01/21/2012,5:00 PM,Home,Colorado College,3M Arena at Mariucci
2012,   Hockey,01/27/2012,7:00 PM,Home,St. Cloud State,3M Arena at Mariucci
2012,   Hockey,02/17/2012,7:00 PM,Home,Bemidji St,3M Arena at Mariucci
2012,   Hockey,02/18/2012,7:00 PM,Home,Bemidji St,3M Arena at Mariucci
2012,   Hockey,03/02/2012,7:00 PM,Home,Wisconsin,3M Arena at Mariucci
2012,   Hockey,03/03/2012,7:00 PM,Home,Wisconsin,3M Arena at Mariucci
2012,   Hockey,03/09/2012,7:00 PM,Home,Alaska-Anchorage,3M Arena at Mariucci
2012,   Hockey,03/10/2012,7:00 PM,Home,Alaska-Anchorage,3M Arena at Mariucci
2012,   Hockey,10/06/2012,7:00 PM,Home,Lethbridge,3M Arena at Mariucci
2012,   Hockey,10/12/2012,6:00 PM,Home,Michigan State,3M Arena at Mariucci
2012,   Hockey,10/13/2012,8:00 PM,Home,Michigan State,3M Arena at Mariucci
2012,   Hockey,10/26/2012,7:00 PM,Home,US Under-18,3M Arena at Mariucci
2012,   Hockey,10/28/2012,1:00 PM,Home,Canisius,3M Arena at Mariucci
2012,   Hockey,11/02/2012,7:00 PM,Home,Minnesota State,3M Arena at Mariucci
2012,   Hockey,11/16/2012,7:00 PM,Home,Wisconsin,3M Arena at Mariucci
2012,   Hockey,11/17/2012,8:00 PM,Home,Wisconsin,3M Arena at Mariucci
2012,   Hockey,11/30/2012,7:00 PM,Home,Omaha,3M Arena at Mariucci
2012,   Hockey,12/01/2012,7:00 PM,Home,Omaha,3M Arena at Mariucci
2012,   Hockey,12/29/2012,7:00 PM,Home,Air Force,3M Arena at Mariucci
2012,   Hockey,12/30/2012,7:00 PM,Home,Boston College,3M Arena at Mariucci
2013,   Hockey,01/08/2013,7:00 PM,Home,Notre Dame,3M Arena at Mariucci
2013,   Hockey,01/11/2013,8:00 PM,Home,Alaska-Anchorage,3M Arena at Mariucci
2013,   Hockey,01/12/2013,7:00 PM,Home,Alaska-Anchorage,3M Arena at Mariucci
2013,   Hockey,01/18/2013,7:00 PM,Home,North Dakota,3M Arena at Mariucci
2013,   Hockey,01/19/2013,5:00 PM,Home,North Dakota,3M Arena at Mariucci
2013,   Hockey,01/25/2013,7:00 PM,Home,Minnesota State,3M Arena at Mariucci
2013,   Hockey,02/22/2013,7:00 PM,Home,Minnesota Duluth,3M Arena at Mariucci
2013,   Hockey,02/23/2013,7:00 PM,Home,Minnesota Duluth,3M Arena at Mariucci
2013,   Hockey,03/01/2013,7:00 PM,Home,Denver,3M Arena at Mariucci
2013,   Hockey,03/02/2013,7:00 PM,Home,Denver,3M Arena at Mariucci
2013,   Hockey,03/15/2013,7:00 PM,Home,Bemidji State,3M Arena at Mariucci
2013,   Hockey,03/16/2013,7:00 PM,Home,Bemidji State,3M Arena at Mariucci
2013,   Hockey,10/05/2013,7:00 PM,Home,Lethbridge,3M Arena at Mariucci
2013,   Hockey,10/11/2013,7:00 PM,Home,Mercyhurst,3M Arena at Mariucci
2013,   Hockey,10/12/2013,7:00 PM,Home,New Hampshire,3M Arena at Mariucci
2013,   Hockey,10/25/2013,7:00 PM,Home,Boston College,3M Arena at Mariucci
2013,   Hockey,10/27/2013,1:00 PM,Home,Boston College,3M Arena at Mariucci
2013,   Hockey,11/15/2013,7:00 PM,Home,Minnesota State,3M Arena at Mariucci
2013,   Hockey,11/16/2013,7:00 PM,Home,Minnesota State,3M Arena at Mariucci
2013,   Hockey,11/22/2013,7:00 PM,Home,Minnesota-Duluth,3M Arena at Mariucci
2013,   Hockey,11/24/2013,4:00 PM,Home,Minnesota Duluth,3M Arena at Mariucci
2013,   Hockey,11/29/2013,4:00 PM,Home,Wisconsin,3M Arena at Mariucci
2013,   Hockey,11/30/2013,5:00 PM,Home,Wisconsin,3M Arena at Mariucci
2014,   Hockey,01/03/2014,7:00 PM,Home,Colgate,3M Arena at Mariucci
2014,   Hockey,01/04/2014,7:00 PM,Home,RPI,3M Arena at Mariucci
2014,   Hockey,01/17/2014,8:00 PM,Home,Ohio State,Huntington Bank Stadium
2014,   Hockey,01/18/2014,5:00 PM,Home,Ohio State,3M Arena at Mariucci
2014,   Hockey,01/31/2014,8:00 PM,Home,Michigan State,3M Arena at Mariucci
2014,   Hockey,02/01/2014,7:00 PM,Home,Michigan State,3M Arena at Mariucci
2014,   Hockey,02/14/2014,8:00 PM,Home,Michigan,3M Arena at Mariucci
2014,   Hockey,02/15/2014,7:00 PM,Home,Michigan,3M Arena at Mariucci
2014,   Hockey,02/28/2014,8:00 PM,Home,Penn State,3M Arena at Mariucci
2014,   Hockey,03/01/2014,6:00 PM,Home,Penn State,3M Arena at Mariucci
2014,   Hockey,10/04/2014,7:00 PM,Home,Northern Alberta Institute of Technology,3M Arena at Mariucci
2014,   Hockey,10/24/2014,8:00 PM,Home,Bemidji St,3M Arena at Mariucci
2014,   Hockey,10/25/2014,7:00 PM,Home,Bemidji St,3M Arena at Mariucci
2014,   Hockey,11/01/2014,4:00 PM,Home,St. Cloud State,3M Arena at Mariucci
2014,   Hockey,11/07/2014,7:00 PM,Home,Notre Dame,3M Arena at Mariucci
2014,   Hockey,11/09/2014,4:00 PM,Home,Notre Dame,3M Arena at Mariucci
2014,   Hockey,11/14/2014,7:00 PM,Home,Minnesota Duluth,3M Arena at Mariucci
2014,   Hockey,11/21/2014,7:00 PM,Home,US Under-18 Team,3M Arena at Mariucci
2015,   Hockey,01/02/2015,7:00 PM,Home,Merrimack,3M Arena at Mariucci
2015,   Hockey,01/03/2015,7:00 PM,Home,RIT,3M Arena at Mariucci
2015,   Hockey,01/16/2015,8:00 PM,Home,Wisconsin,3M Arena at Mariucci
2015,   Hockey,01/17/2015,5:00 PM,Home,Wisconsin,3M Arena at Mariucci
2015,   Hockey,02/06/2015,8:00 PM,Home,Ohio State,3M Arena at Mariucci
2015,   Hockey,02/07/2015,7:00 PM,Home,Ohio State,3M Arena at Mariucci
2015,   Hockey,02/13/2015,8:00 PM,Home,Michigan,3M Arena at Mariucci
2015,   Hockey,02/14/2015,7:00 PM,Home,Michigan,3M Arena at Mariucci
2015,   Hockey,02/26/2015,8:00 PM,Home,Michigan State,3M Arena at Mariucci
2015,   Hockey,02/27/2015,8:00 PM,Home,Michigan State,3M Arena at Mariucci
2015,   Hockey,03/13/2015,7:00 PM,Home,Penn State,3M Arena at Mariucci
2015,   Hockey,03/14/2015,7:00 PM,Home,Penn State,3M Arena at Mariucci
2015,   Hockey,10/10/2015,7:00 PM,Home,Vermont,3M Arena at Mariucci
2015,   Hockey,10/16/2015,7:00 PM,Home,Minnesota Duluth,3M Arena at Mariucci
2015,   Hockey,10/23/2015,7:00 PM,Home,Northeastern,3M Arena at Mariucci
2015,   Hockey,10/24/2015,8:00 PM,Home,Northeastern,3M Arena at Mariucci
2015,   Hockey,11/14/2015,7:00 PM,Home,Minnesota State,3M Arena at Mariucci
2015,   Hockey,11/27/2015,6:00 PM,Home,St. Cloud State,3M Arena at Mariucci
2015,   Hockey,11/29/2015,6:00 PM,Home,St. Cloud State,3M Arena at Mariucci
2015,   Hockey,12/04/2015,7:00 PM,Home,Ohio State,3M Arena at Mariucci
2015,   Hockey,12/05/2015,7:00 PM,Home,Ohio State,3M Arena at Mariucci
2016,   Hockey,01/01/2016,7:00 PM,Home,UConn,3M Arena at Mariucci
2016,   Hockey,01/02/2016,7:00 PM,Home,Harvard,3M Arena at Mariucci
2016,   Hockey,01/15/2016,8:00 PM,Home,Michigan State,3M Arena at Mariucci
2016,   Hockey,01/16/2016,7:30 PM,Home,Michigan State,3M Arena at Mariucci
2016,   Hockey,02/05/2016,7:00 PM,Home,Penn State,3M Arena at Mariucci
2016,   Hockey,02/06/2016,4:00 PM,Home,Penn State,3M Arena at Mariucci
2016,   Hockey,02/25/2016,7:30 PM,Home,Michigan,3M Arena at Mariucci
2016,   Hockey,02/26/2016,8:00 PM,Home,Michigan,3M Arena at Mariucci
2016,   Hockey,03/11/2016,7:00 PM,Home,Wisconsin,3M Arena at Mariucci
2016,   Hockey,03/12/2016,7:00 PM,Home,Wisconsin,3M Arena at Mariucci
2016,   Hockey,10/14/2016,7:00 PM,Home,US Under-18 Team,3M Arena at Mariucci
2016,   Hockey,10/21/2016,8:00 PM,Home,St. Cloud State,3M Arena at Mariucci
2016,   Hockey,11/04/2016,7:00 PM,Home,North Dakota,3M Arena at Mariucci
2016,   Hockey,11/05/2016,8:00 PM,Home,North Dakota,3M Arena at Mariucci
2016,   Hockey,11/19/2016,8:00 PM,Home,Minnesota State,3M Arena at Mariucci
2016,   Hockey,12/02/2016,8:00 PM,Home,Ohio State,3M Arena at Mariucci
2016,   Hockey,12/03/2016,7:00 PM,Home,Ohio State,3M Arena at Mariucci
2016,   Hockey,12/30/2016,7:00 PM,Home,Mercyhurst,3M Arena at Mariucci
2016,   Hockey,12/31/2016,7:00 PM,Home,Massachusetts,3M Arena at Mariucci
2017,   Hockey,01/13/2017,8:00 PM,Home,Michigan,3M Arena at Mariucci
2017,   Hockey,01/14/2017,7:00 PM,Home,Michigan,3M Arena at Mariucci
2017,   Hockey,02/03/2017,7:00 PM,Home,Penn State,3M Arena at Mariucci
2017,   Hockey,02/04/2017,7:00 PM,Home,Penn State,3M Arena at Mariucci
2017,   Hockey,02/24/2017,7:00 PM,Home,Wisconsin,3M Arena at Mariucci
2017,   Hockey,02/25/2017,7:00 PM,Home,Wisconsin,3M Arena at Mariucci
2017,   Hockey,03/10/2017,6:30 PM,Home,Michigan State,3M Arena at Mariucci
2017,   Hockey,03/11/2017,7:00 PM,Home,Michigan State,3M Arena at Mariucci
2017,   Hockey,10/01/2017,5:00 PM,Home,University of Alberta,3M Arena at Mariucci
2017,   Hockey,10/13/2017,7:00 PM,Home,Penn State University,3M Arena at Mariucci
2017,   Hockey,10/15/2017,3:00 PM,Home,Penn State University,3M Arena at Mariucci
2017,   Hockey,10/27/2017,7:00 PM,Home,Clarkson University,3M Arena at Mariucci
2017,   Hockey,10/28/2017,7:00 PM,Home,Clarkson University,3M Arena at Mariucci
2017,   Hockey,11/03/2017,7:00 PM,Home,Michigan State University,3M Arena at Mariucci
2017,   Hockey,11/04/2017,4:00 PM,Home,Michigan State University,3M Arena at Mariucci
2017,   Hockey,11/17/2017,7:00 PM,Home,Harvard University,3M Arena at Mariucci
2017,   Hockey,11/18/2017,7:00 PM,Home,Harvard University,3M Arena at Mariucci
2017,   Hockey,12/01/2017,7:00 PM,Home,University of Wisconsin,3M Arena at Mariucci
2017,   Hockey,12/02/2017,7:00 PM,Home,University of Wisconsin,3M Arena at Mariucci
2017,   Hockey,12/29/2017,7:00 PM,Home,Army West Point,3M Arena at Mariucci
2017,   Hockey,12/30/2017,7:00 PM,Home,Army West Point,3M Arena at Mariucci
2018,   Hockey,01/07/2018,6:00 PM,Home,St. Cloud State University,3M Arena at Mariucci
2018,   Hockey,01/12/2018,7:00 PM,Home,University of Michigan,3M Arena at Mariucci
2018,   Hockey,01/13/2018,7:00 PM,Home,University of Michigan,3M Arena at Mariucci
2018,   Hockey,01/26/2018,7:00 PM,Home,University of Notre Dame,3M Arena at Mariucci
2018,   Hockey,01/27/2018,7:00 PM,Home,University of Notre Dame,3M Arena at Mariucci
2018,   Hockey,02/16/2018,8:00 PM,Home,Ohio State University,3M Arena at Mariucci
2018,   Hockey,02/17/2018,4:00 PM,Home,Ohio State University,3M Arena at Mariucci
2011,  Volleyball,09/02/2011,7:00 PM,Home,Texas,Maturi Pavilion
2011,  Volleyball,09/03/2011,7:00 PM,Home,Texas,Maturi Pavilion
2011,  Volleyball,09/23/2011,7:00 PM,Home,Illinois,Maturi Pavilion
2011,  Volleyball,09/25/2011,1:00 PM,Home,Northwestern,Maturi Pavilion
2011,  Volleyball,10/14/2011,7:00 PM,Home,Iowa,Maturi Pavilion
2011,  Volleyball,10/15/2011,7:00 PM,Home,Nebraska,Williams Arena
2011,  Volleyball,11/04/2011,8:00 PM,Home,Penn State,Maturi Pavilion
2011,  Volleyball,11/05/2011,7:00 PM,Home,Ohio State,Maturi Pavilion
2011,  Volleyball,11/09/2011,7:00 PM,Home,Michigan State,Maturi Pavilion
2011,  Volleyball,11/13/2011,1:00 PM,Home,Michigan,Maturi Pavilion
2011,  Volleyball,11/23/2011,7:00 PM,Home,Wisconsin,Maturi Pavilion
2011,  Volleyball,11/25/2011,7:00 PM,Home,Indiana,Maturi Pavilion
2011,  Volleyball,12/02/2011,7:30 PM,Home,North Dakota State,Maturi Pavilion
2011,  Volleyball,12/03/2011,7:30 PM,Home,Washington,Maturi Pavilion
2011,  Volleyball,12/09/2011,7:00 PM,Home,Iowa State,Maturi Pavilion
2012,  Volleyball,08/31/2012,8:00 PM,Home,Long Island,Maturi Pavilion
2012,  Volleyball,09/01/2012,10:00 AM,Home,Miami (Oh),Maturi Pavilion
2012,  Volleyball,09/01/2012,8:00 PM,Home,Albany,Maturi Pavilion
2012,  Volleyball,09/10/2012,7:00 PM,Home,North Dakota State,Maturi Pavilion
2012,  Volleyball,09/28/2012,7:00 PM,Home,Ohio State,Maturi Pavilion
2012,  Volleyball,09/29/2012,7:00 PM,Home,Penn State,Maturi Pavilion
2012,  Volleyball,10/03/2012,7:00 PM,Home,Michigan,Maturi Pavilion
2012,  Volleyball,10/06/2012,6:30 PM,Home,Michigan State,Maturi Pavilion
2012,  Volleyball,10/17/2012,7:00 PM,Home,Wisconsin,Maturi Pavilion
2012,  Volleyball,10/20/2012,7:00 PM,Home,Purdue,Maturi Pavilion
2012,  Volleyball,10/26/2012,6:30 PM,Home,Northwestern,Maturi Pavilion
2012,  Volleyball,10/28/2012,12:00 PM,Home,Illinois,Williams Arena
2012,  Volleyball,11/16/2012,7:00 PM,Home,Nebraska,Maturi Pavilion
2012,  Volleyball,11/17/2012,6:30 PM,Home,Iowa,Maturi Pavilion
2012,  Volleyball,11/30/2012,6:30 PM,Home,Liberty,Maturi Pavilion
2012,  Volleyball,12/01/2012,6:00 PM,Home,Creighton,Maturi Pavilion
2013,  Volleyball,09/06/2013,7:30 PM,Home,Ball State,Maturi Pavilion
2013,  Volleyball,09/07/2013,1:00 PM,Home,Western Illinois,Maturi Pavilion
2013,  Volleyball,09/07/2013,7:30 PM,Home,Duke,Maturi Pavilion
2013,  Volleyball,09/25/2013,6:30 PM,Home,Indiana,Maturi Pavilion
2013,  Volleyball,09/29/2013,1:00 PM,Home,Purdue,Maturi Pavilion
2013,  Volleyball,10/17/2013,7:00 PM,Home,Michigan State,Maturi Pavilion
2013,  Volleyball,10/19/2013,7:00 PM,Home,Michigan,Maturi Pavilion
2013,  Volleyball,10/27/2013,1:00 PM,Home,Northwestern,Maturi Pavilion
2013,  Volleyball,11/08/2013,7:00 PM,Home,Iowa,Maturi Pavilion
2013,  Volleyball,11/10/2013,3:30 PM,Home,Nebraska,Maturi Pavilion
2013,  Volleyball,11/15/2013,7:00 PM,Home,Ohio State,Maturi Pavilion
2013,  Volleyball,11/16/2013,7:30 PM,Home,Penn State,Maturi Pavilion
2013,  Volleyball,11/27/2013,7:00 PM,Home,Wisconsin,Maturi Pavilion
2013,  Volleyball,12/06/2013,7:00 PM,Home,Radford,Maturi Pavilion
2013,  Volleyball,12/07/2013,7:00 PM,Home,Colorado,Maturi Pavilion
2014,  Volleyball,08/29/2014,7:00 PM,Home,Notre Dame,Maturi Pavilion
2014,  Volleyball,08/30/2014,7:00 PM,Home,Louisville,Maturi Pavilion
2014,  Volleyball,09/12/2014,7:00 PM,Home,Tulsa,Maturi Pavilion
2014,  Volleyball,09/13/2014,7:00 PM,Home,Iowa State,Maturi Pavilion
2014,  Volleyball,09/24/2014,7:00 PM,Home,Ohio State,Maturi Pavilion
2014,  Volleyball,09/27/2014,7:00 PM,Home,Penn State,Maturi Pavilion
2014,  Volleyball,10/10/2014,7:00 PM,Home,Maryland,Maturi Pavilion
2014,  Volleyball,10/11/2014,7:00 PM,Home,Rutgers,Maturi Pavilion
2014,  Volleyball,10/15/2014,6:00 PM,Home,Wisconsin,Maturi Pavilion
2014,  Volleyball,10/22/2014,6:30 PM,Home,Nebraska,Maturi Pavilion
2014,  Volleyball,10/25/2014,7:00 PM,Home,Iowa,Maturi Pavilion
2014,  Volleyball,11/12/2014,7:00 PM,Home,Northwestern,Maturi Pavilion
2014,  Volleyball,11/22/2014,7:00 PM,Home,Purdue,Maturi Pavilion
2014,  Volleyball,11/28/2014,7:00 PM,Home,Indiana,Maturi Pavilion
2015,  Volleyball,09/11/2015,7:00 PM,Home,UC Irvine,Maturi Pavilion
2015,  Volleyball,09/12/2015,10:00 AM,Home,North Dakota State,Maturi Pavilion
2015,  Volleyball,09/12/2015,7:00 PM,Home,UCF,Maturi Pavilion
2015,  Volleyball,09/30/2015,7:00 PM,Home,Northwestern,Maturi Pavilion
2015,  Volleyball,10/03/2015,7:00 PM,Home,Illinois,Maturi Pavilion
2015,  Volleyball,10/17/2015,8:00 PM,Home,Wisconsin,Maturi Pavilion
2015,  Volleyball,10/28/2015,7:00 PM,Home,Indiana,Maturi Pavilion
2015,  Volleyball,11/01/2015,2:00 PM,Home,Purdue,Maturi Pavilion
2015,  Volleyball,11/06/2015,7:00 PM,Home,Michigan State,Maturi Pavilion
2015,  Volleyball,11/07/2015,7:00 PM,Home,Michigan,Maturi Pavilion
2015,  Volleyball,11/14/2015,7:00 PM,Home,Penn State,Maturi Pavilion
2015,  Volleyball,11/18/2015,6:00 PM,Home,Maryland,Maturi Pavilion
2015,  Volleyball,11/25/2015,7:00 PM,Home,Ohio State,Maturi Pavilion
2015,  Volleyball,12/04/2015,6:30 PM,Home,Jackson State,Maturi Pavilion
2015,  Volleyball,12/05/2015,6:30 PM,Home,Marquette,Maturi Pavilion
2016,  Volleyball,09/16/2016,7:00 PM,Home,North Dakota,Maturi Pavilion
2016,  Volleyball,09/17/2016,10:00 AM,Home,Toledo,Maturi Pavilion
2016,  Volleyball,09/17/2016,7:00 PM,Home,Green Bay,Maturi Pavilion
2016,  Volleyball,09/23/2016,7:00 PM,Home,Maryland,Maturi Pavilion
2016,  Volleyball,09/24/2016,7:00 PM,Home,Ohio State,Maturi Pavilion
2016,  Volleyball,10/09/2016,2:00 PM,Home,Northwestern,Maturi Pavilion
2016,  Volleyball,10/28/2016,7:00 PM,Home,Rutgers,Maturi Pavilion
2016,  Volleyball,10/29/2016,6:30 PM,Home,Penn State,Maturi Pavilion
2016,  Volleyball,11/02/2016,7:00 PM,Home,Indiana,Maturi Pavilion
2016,  Volleyball,11/18/2016,7:00 PM,Home,Michigan State,Maturi Pavilion
2016,  Volleyball,11/20/2016,1:00 PM,Home,Michigan,Maturi Pavilion
2016,  Volleyball,11/23/2016,8:00 PM,Home,Nebraska,Maturi Pavilion
2016,  Volleyball,11/26/2016,7:30 PM,Home,Wisconsin,Maturi Pavilion
2016,  Volleyball,12/02/2016,7:00 PM,Home,North Dakota,Maturi Pavilion
2016,  Volleyball,12/03/2016,6:00 PM,Home,Hawai'i,Maturi Pavilion
2016,  Volleyball,12/09/2016,7:15 PM,Home,Missouri,Maturi Pavilion
2016,  Volleyball,12/10/2016,9:00 PM,Home,UCLA,Maturi Pavilion
2017,  Volleyball,09/01/2017,7:00 PM,Home,West Virginia,Maturi Pavilion
2017,  Volleyball,09/02/2017,10:00 AM,Home,UTSA,Maturi Pavilion
2017,  Volleyball,09/02/2017,7:00 PM,Home,Tennessee,Maturi Pavilion
2017,  Volleyball,09/22/2017,7:00 PM,Home,Michigan,Maturi Pavilion
2017,  Volleyball,09/24/2017,12:00 PM,Home,Michigan State,Maturi Pavilion
2017,  Volleyball,10/11/2017,6:00 PM,Home,Purdue,Maturi Pavilion
2017,  Volleyball,10/15/2017,4:00 PM,Home,Iowa,Maturi Pavilion
2017,  Volleyball,10/21/2017,7:30 PM,Home,Wisconsin,Maturi Pavilion
2017,  Volleyball,10/25/2017,8:00 PM,Home,Illinois,Maturi Pavilion
2017,  Volleyball,11/03/2017,7:00 PM,Home,Maryland,Maturi Pavilion
2017,  Volleyball,11/04/2017,7:00 PM,Home,Ohio State,Maturi Pavilion
2017,  Volleyball,11/24/2017,7:00 PM,Home,Rutgers,Maturi Pavilion
2017,  Volleyball,11/25/2017,7:30 PM,Home,Penn State,Maturi Pavilion
2017,  Volleyball,12/01/2017,7:00 PM,Home,North Dakota,Maturi Pavilion
2017,  Volleyball,12/02/2017,8:00 PM,Home,Northern Iowa,Maturi Pavilion
2018,  Volleyball,08/31/2018,7:00 PM,Home,North Dakota State,Maturi Pavilion
2018,  Volleyball,09/01/2018,10:00 AM,Home,Georgia Southern,Maturi Pavilion
2018,  Volleyball,09/01/2018,7:00 PM,Home,Arkansas,Maturi Pavilion
2018,  Volleyball,09/13/2018,7:00 PM,Home,Green Bay,Maturi Pavilion
2018,  Volleyball,09/15/2018,7:30 PM,Home,Kansas State,Maturi Pavilion
2018,  Volleyball,09/19/2018,8:00 PM,Home,Penn State,Maturi Pavilion
2018,  Volleyball,09/22/2018,6:30 PM,Home,Maryland,Maturi Pavilion
2018,  Volleyball,09/26/2018,8:00 PM,Home,Wisconsin,Maturi Pavilion
2018,  Volleyball,10/12/2018,7:00 PM,Home,Illinois,Maturi Pavilion
2018,  Volleyball,10/13/2018,7:00 PM,Home,Northwestern,Maturi Pavilion
2018,  Volleyball,10/19/2018,7:00 PM,Home,Iowa,Maturi Pavilion
2018,  Volleyball,10/20/2018,7:00 PM,Home,Nebraska,Maturi Pavilion
2018,  Volleyball,11/03/2018,7:00 PM,Home,Michigan State,Maturi Pavilion
2018,  Volleyball,11/09/2018,7:00 PM,Home,Indiana,Maturi Pavilion
2018,  Volleyball,11/10/2018,7:30 PM,Home,Purdue,Maturi Pavilion
2018,  Volleyball,11/30/2018,7:00 PM,Home,Bryant University,Maturi Pavilion
2018,  Volleyball,12/01/2018,8:00 PM,Home,University of South Carolina,Maturi Pavilion
2018,  Volleyball,12/07/2018,3:30 PM,Home,Oregon,Maturi Pavilion
2018,   Hockey,10/07/2018,7:00 PM,Home,University of Minnesota Duluth,3M Arena at Mariucci
2018,   Hockey,10/20/2018,7:00 PM,Home,Trinity Western University,3M Arena at Mariucci
2018,   Hockey,11/02/2018,7:00 PM,Home,Minnesota State University - Mankato,3M Arena at Mariucci
2018,   Hockey,11/16/2018,7:00 PM,Home,St. Lawrence University,3M Arena at Mariucci
2018,   Hockey,11/17/2018,8:00 PM,Home,St. Lawrence University,3M Arena at Mariucci
2018,   Hockey,11/23/2018,7:00 PM,Home,Michigan State University,3M Arena at Mariucci
2018,   Hockey,11/24/2018,7:00 PM,Home,Michigan State University,3M Arena at Mariucci
2018,   Hockey,11/30/2018,7:00 PM,Home,Ohio State University,3M Arena at Mariucci
2018,   Hockey,12/01/2018,4:00 PM,Home,Ohio State University,3M Arena at Mariucci
2018,   Hockey,12/28/2018,7:00 PM,Home,Ferris State University,3M Arena at Mariucci
2018,   Hockey,12/29/2018,7:00 PM,Home,Ferris State University,3M Arena at Mariucci
2019,   Hockey,01/04/2019,8:00 PM,Home,Penn State University,3M Arena at Mariucci
2019,   Hockey,01/05/2019,7:00 PM,Home,Penn State University,3M Arena at Mariucci
2019,   Hockey,01/25/2019,7:00 PM,Home,University of Wisconsin,3M Arena at Mariucci
2019,   Hockey,01/26/2019,7:00 PM,Home,University of Wisconsin,3M Arena at Mariucci
2019,   Hockey,02/01/2019,7:00 PM,Home,University of Michigan,3M Arena at Mariucci
2019,   Hockey,02/02/2019,7:00 PM,Home,University of Michigan,3M Arena at Mariucci
2019,   Hockey,02/22/2019,8:00 PM,Home,University of Notre Dame,3M Arena at Mariucci
2019,   Hockey,02/23/2019,4:30 PM,Home,University of Notre Dame,3M Arena at Mariucci
2019,   Hockey,03/01/2019,7:00 PM,Home,Arizona State University,3M Arena at Mariucci
2019,   Hockey,03/02/2019,7:00 PM,Home,Arizona State University,3M Arena at Mariucci
2019,   Hockey,03/08/2019,6:00 PM,Home,Michigan,3M Arena at Mariucci
2021, Football,09/02/2021,7:00 PM,Home,Ohio State,Huntington Bank Stadium
2021, Football,09/11/2021,11:00 AM,Home,Miami (Ohio),Huntington Bank Stadium
2021, Football,09/25/2021,11:00 AM,Home,Bowling Green,Huntington Bank Stadium
2021, Football,10/16/2021,11:00 AM,Home,Nebraska,Huntington Bank Stadium
2021, Football,10/23/2021,2:30 PM,Home,Maryland,Huntington Bank Stadium
2021, Football,11/06/2021,11:00 AM,Home,Illinois,Huntington Bank Stadium
2021, Football,11/27/2021,3:00 PM,Home,Wisconsin,Huntington Bank Stadium
2022, Football,09/01/2022,8:00 PM,Home,New Mexico State,Huntington Bank Stadium
2022, Football,09/10/2022,11:00 AM,Home,Western Illinois,Huntington Bank Stadium
2022, Football,09/17/2022,2:30 PM,Home,Colorado,Huntington Bank Stadium
2022, Football,10/01/2022,11:00 AM,Home,Purdue (Homecoming),Huntington Bank Stadium
2022, Football,10/29/2022,1:30 PM,Home,Rutgers,Huntington Bank Stadium
2022, Football,11/12/2022,2:30 PM,Home,Northwestern,Huntington Bank Stadium
2022, Football,11/19/2022,3:00 PM,Home,Iowa,Huntington Bank Stadium
2023, Football,08/31/2023,7:00 PM,Home,Nebraska,Huntington Bank Stadium
2023, Football,09/09/2023,6:30 PM,Home,Eastern Michigan,Huntington Bank Stadium
2023, Football,09/30/2023,11:00 AM,Home,Louisiana,Huntington Bank Stadium
2023, Football,10/07/2023,6:30 PM,Home,Michigan,Huntington Bank Stadium
2023, Football,10/28/2023,2:30 PM,Home,Michigan State,Huntington Bank Stadium
2023, Football,11/04/2023,2:30 PM,Home,Illinois,Huntington Bank Stadium
2023, Football,11/25/2023,2:30 PM,Home,Wisconsin,Huntington Bank Stadium
2018,  Basketball,11/01/2018,7:00 PM,Home,Minnesota Duluth (Exhibition),Williams Arena
2018,  Basketball,11/06/2018,7:00 PM,Home,Omaha,Williams Arena
2018,  Basketball,11/12/2018,8:00 PM,Home,Utah,Williams Arena
2018,  Basketball,12/05/2018,8:00 PM,Home,Nebraska,Williams Arena
2018,  Basketball,12/08/2018,3:00 PM,Home,Arkansas State,Williams Arena
2018,  Basketball,12/11/2018,8:00 PM,Home,North Florida,Williams Arena
2018,  Basketball,12/21/2018,7:00 PM,Home,North Carolina A&T,Williams Arena
2018,  Basketball,12/30/2018,3:00 PM,Home,Mount St. Mary's,Williams Arena
2019,  Basketball,01/08/2019,6:00 PM,Home,Maryland,Williams Arena
2019,  Basketball,01/12/2019,11:30 AM,Home,Rutgers,Williams Arena
2019,  Basketball,01/19/2019,7:30 PM,Home,Penn State,Williams Arena
2019,  Basketball,01/27/2019,4:00 PM,Home,Iowa,Williams Arena
2019,  Basketball,01/30/2019,8:00 PM,Home,Illinois,Williams Arena
2019,  Basketball,02/06/2019,8:00 PM,Home,Wisconsin,Williams Arena
2019,  Basketball,02/16/2019,1:00 PM,Home,Indiana,Williams Arena
2019,  Basketball,02/21/2019,6:00 PM,Home,Michigan,Williams Arena
2019,  Basketball,03/05/2019,7:00 PM,Home,Purdue,Williams Arena
2020,  Hockey,03/06/2020,7:00 PM,Home,Notre Dame,3M Arena at Mariucci
2020,  Hockey,03/07/2020,7:00 pm,Home,Notre Dame,3M Arena at Mariucci
2020,  Hockey,03/08/2020,6:00 PM,Home,Notre Dame,3M Arena at Mariucci
2019,  Basketball,11/24/2019,6:00 PM,Home,North Dakota,Williams Arena
2020,  Hockey,11/19/2020,7:30 PM,Home,Penn State,3M Arena at Mariucci
2020,  Hockey,11/20/2020,3:00 PM,Home,Penn State,3M Arena at Mariucci
2020,  Hockey,11/23/2020,7:30 PM,Home,Ohio State,3M Arena at Mariucci
2020,  Hockey,11/24/2020,7:30 PM,Home,Ohio State,3M Arena at Mariucci
2021,  Hockey,01/03/2021,3:00 PM,Home,Arizona State,3M Arena at Mariucci
2021,  Hockey,01/04/2021,7:00 PM,Home,Arizona State,3M Arena at Mariucci
2021,  Hockey,01/15/2021,7:00 PM,Home,Notre Dame,3M Arena at Mariucci
2021,  Hockey,01/16/2021,5:00 PM,Home,Notre Dame,3M Arena at Mariucci
2021,  Hockey,01/21/2021,7:00 PM,Home,Arizona State,3M Arena at Mariucci
2021,  Hockey,01/22/2021,4:00 PM,Home,Arizona State,3M Arena at Mariucci
2021,  Hockey,02/05/2021,7:00 PM,Home,Wisconsin,3M Arena at Mariucci
2021,  Hockey,02/06/2021,7:00 PM,Home,Wisconsin,3M Arena at Mariucci
2021,  Hockey,02/19/2021,7:00 PM,Home,Michigan State,3M Arena at Mariucci
2021,  Hockey,02/20/2021,5:00 PM,Home,Michigan State,3M Arena at Mariucci
2021,  Hockey,03/05/2021,7:00 PM,Home,Michigan,3M Arena at Mariucci
2021,  Hockey,03/06/2021,4:00 PM,Home,Michigan,3M Arena at Mariucci
2020,  Basketball,12/28/2020,7:00 PM,Home,Michigan State,Williams Arena
2021,  Hockey,10/02/2021,2:30 PM,Home,Alaska,3M Arena at Mariucci
2021,  Hockey,10/03/2021,4:00 PM,Home,Alaska,3M Arena at Mariucci
2021,  Hockey,10/08/2021,7:00 PM,Home,Mercyhurst,3M Arena at Mariucci
2021,  Hockey,10/09/2021,5:00 PM,Home,Mercyhurst,3M Arena at Mariucci
2021,  Hockey,10/15/2021,7:00 PM,Home,St. Cloud State,3M Arena at Mariucci
2021,  Hockey,10/22/2021,7:00 PM,Home,Minnesota Duluth,3M Arena at Mariucci
2021,  Hockey,10/29/2021,8:00 PM,Home,Notre Dame,3M Arena at Mariucci
2021,  Hockey,10/30/2021,5:00 PM,Home,Notre Dame,3M Arena at Mariucci
2021,  Hockey,11/12/2021,6:30 PM,Home,Ohio State,3M Arena at Mariucci
2021,  Hockey,11/13/2021,5:00 PM,Home,Ohio State,3M Arena at Mariucci
2021,  Hockey,11/19/2021,7:00 PM,Home,Penn State,3M Arena at Mariucci
2021,  Hockey,11/20/2021,8:00 PM,Home,Penn State,3M Arena at Mariucci
2022,  Hockey,01/03/2022,6:00 PM,Home,U.S. National Under-18 Team (EXH),3M Arena at Mariucci
2022,  Hockey,01/14/2022,6:00 PM,Home,Alaska,3M Arena at Mariucci
2022,  Hockey,01/15/2022,6:00 PM,Home,Alaska,3M Arena at Mariucci
2022,  Hockey,01/21/2022,8:00 PM,Home,Michigan,3M Arena at Mariucci
2022,  Hockey,01/22/2022,6:30 PM,Home,Michigan,3M Arena at Mariucci
2022,  Hockey,02/04/2022,7:00 PM,Home,Michigan State,3M Arena at Mariucci
2022,  Hockey,02/05/2022,5:00 PM,Home,Michigan State,3M Arena at Mariucci
2022,  Hockey,02/25/2022,8:00 PM,Home,Wisconsin,3M Arena at Mariucci
2022,  Hockey,02/26/2022,7:00 PM,Home,Wisconsin,3M Arena at Mariucci
2022,  Hockey,03/12/2022,8:00 PM,Home,Penn State,3M Arena at Mariucci
2022,  Hockey,03/19/2022,7:00 PM,Home,Michigan,3M Arena at Mariucci
2021,  Basketball,11/19/2021,6:00 PM,Home,Purdue Fort Wayne,Williams Arena
2022,  Basketball,12/08/2022,8:00 PM,Home,Michigan,Williams Arena
2022,  Basketball,12/29/2022,7:00 PM,Home,Alcorn State,Williams Arena
2023,  Basketball,01/07/2023,11:00 AM,Home,Nebraska,Williams Arena
2023,  Basketball,01/16/2023,5:00 PM,Home,Illinois,Williams Arena
2023,  Basketball,01/19/2023,6:00 PM,Home,Purdue,Williams Arena
2023,  Basketball,01/25/2023,8:00 PM,Home,Indiana,Williams Arena
2023,  Basketball,02/04/2023,8:00 PM,Home,Maryland,Williams Arena
2023,  Basketball,02/12/2023,12:00 PM,Home,Iowa,Williams Arena
2023,  Basketball,02/18/2023,8:00 PM,Home,Penn State,Williams Arena
2023,  Basketball,03/02/2023,6:00 PM,Home,Rutgers,Williams Arena
2023,  Basketball,03/05/2023,6:30 PM,Home,Wisconsin,Williams Arena
2023, Volleyball,08/18/2023,6:00 PM,Home,Northern Iowa (exhibition),Maturi Pavilion
2023, Volleyball,08/25/2023,7:00 PM,Home,TCU,Maturi Pavilion
2023, Volleyball,08/26/2023,7:00 PM,Home,Baylor,Maturi Pavilion
2023, Volleyball,08/29/2023,7:00 PM,Home,Texas,Maturi Pavilion
2023, Volleyball,09/14/2023,7:00 PM,Home,High Point,Maturi Pavilion
2023, Volleyball,09/16/2023,4:30 PM,Home,Creighton,Maturi Pavilion
2023, Volleyball,09/29/2023,6:00 PM,Home,Michigan,Maturi Pavilion
2023, Volleyball,09/30/2023,8:00 PM,Home,Penn State,Maturi Pavilion
2023, Volleyball,10/15/2023,12:30 PM,Home,Northwestern,Maturi Pavilion
2023, Volleyball,10/20/2023,7:00 PM,Home,Rutgers,Maturi Pavilion
2023, Volleyball,10/22/2023,2:00 PM,Home,Michigan State,Maturi Pavilion
2023, Volleyball,11/10/2023,6:00 PM,Home,Purdue,Maturi Pavilion
2023, Volleyball,11/17/2023,7:00 PM,Home,Iowa,Maturi Pavilion
2023, Volleyball,11/18/2023,7:00 PM,Home,Ohio State,Maturi Pavilion
2023, Volleyball,11/24/2023,5:30 PM,Home,Illinois,Maturi Pavilion
2023, Volleyball,11/25/2023,8:00 PM,Home,Nebraska,Maturi Pavilion
2023,  Hockey,10/08/2023,6:00 PM,Home,Bemidji State,3M Arena at Mariucci
2023,  Hockey,10/14/2023,6:00 PM,Home,St. Thomas,3M Arena at Mariucci
2023,  Hockey,10/26/2023,8:00 PM,Home,Wisconsin,3M Arena at Mariucci
2023,  Hockey,10/27/2023,8:00 PM,Home,Wisconsin,3M Arena at Mariucci
2023,  Hockey,11/03/2023,7:00 PM,Home,Minnesota Duluth,3M Arena at Mariucci
2023,  Hockey,11/17/2023,7:00 PM,Home,Notre Dame,3M Arena at Mariucci
2023,  Hockey,11/18/2023,7:00 PM,Home,Notre Dame,3M Arena at Mariucci
2023,  Hockey,11/24/2023,7:00 PM,Home,Michigan State,3M Arena at Mariucci
2023,  Hockey,11/26/2023,1:00 PM,Home,Michigan State,3M Arena at Mariucci
